<entities >
  <entity name="contact" displayname="Contact" etc="2" primaryidfield="contactid" primarynamefield="fullname" disableplugins="false">
    <fields>
      <field displayname="(Deprecated) Process Stage" name="stageid" type="guid" />
      <field displayname="(Deprecated) Traversed Path" name="traversedpath" type="string" />
      <field displayname="Access Failed Count" name="adx_identity_accessfailedcount" type="number" customfield="true" />
      <field displayname="Account" name="accountid" type="entityreference" lookupType="account" />
      <field displayname="Address 1" name="address1_composite" type="string" />
      <field displayname="Address 1: Address Type" name="address1_addresstypecode" type="optionsetvalue" />
      <field displayname="Address 1: City" name="address1_city" type="string" />
      <field displayname="Address 1: Country/Region" name="address1_country" type="string" />
      <field displayname="Address 1: County" name="address1_county" type="string" />
      <field displayname="Address 1: Fax" name="address1_fax" type="string" />
      <field displayname="Address 1: Freight Terms" name="address1_freighttermscode" type="optionsetvalue" />
      <field displayname="Address 1: ID" name="address1_addressid" type="guid" primaryKey="true" />
      <field displayname="Address 1: Latitude" name="address1_latitude" type="float" />
      <field displayname="Address 1: Longitude" name="address1_longitude" type="float" />
      <field displayname="Address 1: Name" name="address1_name" type="string" />
      <field displayname="Address 1: Phone" name="address1_telephone1" type="string" />
      <field displayname="Address 1: Post Office Box" name="address1_postofficebox" type="string" />
      <field displayname="Address 1: Primary Contact Name" name="address1_primarycontactname" type="string" />
      <field displayname="Address 1: Shipping Method" name="address1_shippingmethodcode" type="optionsetvalue" />
      <field displayname="Address 1: State/Province" name="address1_stateorprovince" type="string" />
      <field displayname="Address 1: Street 1" name="address1_line1" type="string" />
      <field displayname="Address 1: Street 2" name="address1_line2" type="string" />
      <field displayname="Address 1: Street 3" name="address1_line3" type="string" />
      <field displayname="Address 1: Telephone 2" name="address1_telephone2" type="string" />
      <field displayname="Address 1: Telephone 3" name="address1_telephone3" type="string" />
      <field displayname="Address 1: UPS Zone" name="address1_upszone" type="string" />
      <field displayname="Address 1: UTC Offset" name="address1_utcoffset" type="number" />
      <field displayname="Address 1: ZIP/Postal Code" name="address1_postalcode" type="string" />
      <field displayname="Address 2" name="address2_composite" type="string" />
      <field displayname="Address 2: Address Type" name="address2_addresstypecode" type="optionsetvalue" />
      <field displayname="Address 2: City" name="address2_city" type="string" />
      <field displayname="Address 2: Country/Region" name="address2_country" type="string" />
      <field displayname="Address 2: County" name="address2_county" type="string" />
      <field displayname="Address 2: Fax" name="address2_fax" type="string" />
      <field displayname="Address 2: Freight Terms" name="address2_freighttermscode" type="optionsetvalue" />
      <field displayname="Address 2: ID" name="address2_addressid" type="guid" primaryKey="true" />
      <field displayname="Address 2: Latitude" name="address2_latitude" type="float" />
      <field displayname="Address 2: Longitude" name="address2_longitude" type="float" />
      <field displayname="Address 2: Name" name="address2_name" type="string" />
      <field displayname="Address 2: Post Office Box" name="address2_postofficebox" type="string" />
      <field displayname="Address 2: Primary Contact Name" name="address2_primarycontactname" type="string" />
      <field displayname="Address 2: Shipping Method" name="address2_shippingmethodcode" type="optionsetvalue" />
      <field displayname="Address 2: State/Province" name="address2_stateorprovince" type="string" />
      <field displayname="Address 2: Street 1" name="address2_line1" type="string" />
      <field displayname="Address 2: Street 2" name="address2_line2" type="string" />
      <field displayname="Address 2: Street 3" name="address2_line3" type="string" />
      <field displayname="Address 2: Telephone 1" name="address2_telephone1" type="string" />
      <field displayname="Address 2: Telephone 2" name="address2_telephone2" type="string" />
      <field displayname="Address 2: Telephone 3" name="address2_telephone3" type="string" />
      <field displayname="Address 2: UPS Zone" name="address2_upszone" type="string" />
      <field displayname="Address 2: UTC Offset" name="address2_utcoffset" type="number" />
      <field displayname="Address 2: ZIP/Postal Code" name="address2_postalcode" type="string" />
      <field displayname="Address 3" name="address3_composite" type="string" />
      <field displayname="Address 3: Address Type" name="address3_addresstypecode" type="optionsetvalue" />
      <field displayname="Address 3: City" name="address3_city" type="string" />
      <field displayname="Address 3: County" name="address3_county" type="string" />
      <field displayname="Address 3: Fax" name="address3_fax" type="string" />
      <field displayname="Address 3: Freight Terms" name="address3_freighttermscode" type="optionsetvalue" />
      <field displayname="Address 3: ID" name="address3_addressid" type="guid" primaryKey="true" />
      <field displayname="Address 3: Latitude" name="address3_latitude" type="float" />
      <field displayname="Address 3: Longitude" name="address3_longitude" type="float" />
      <field displayname="Address 3: Name" name="address3_name" type="string" />
      <field displayname="Address 3: Post Office Box" name="address3_postofficebox" type="string" />
      <field displayname="Address 3: Primary Contact Name" name="address3_primarycontactname" type="string" />
      <field displayname="Address 3: Shipping Method" name="address3_shippingmethodcode" type="optionsetvalue" />
      <field displayname="Address 3: Telephone1" name="address3_telephone1" type="string" />
      <field displayname="Address 3: Telephone2" name="address3_telephone2" type="string" />
      <field displayname="Address 3: Telephone3" name="address3_telephone3" type="string" />
      <field displayname="Address 3: UPS Zone" name="address3_upszone" type="string" />
      <field displayname="Address 3: UTC Offset" name="address3_utcoffset" type="number" />
      <field displayname="Address3: Country/Region" name="address3_country" type="string" />
      <field displayname="Address3: State/Province" name="address3_stateorprovince" type="string" />
      <field displayname="Address3: Street 1" name="address3_line1" type="string" />
      <field displayname="Address3: Street 2" name="address3_line2" type="string" />
      <field displayname="Address3: Street 3" name="address3_line3" type="string" />
      <field displayname="Address3: ZIP/Postal Code" name="address3_postalcode" type="string" />
      <field displayname="Aging 30" name="aging30" type="money" />
      <field displayname="Aging 30 (Base)" name="aging30_base" type="money" />
      <field displayname="Aging 60" name="aging60" type="money" />
      <field displayname="Aging 60 (Base)" name="aging60_base" type="money" />
      <field displayname="Aging 90" name="aging90" type="money" />
      <field displayname="Aging 90 (Base)" name="aging90_base" type="money" />
      <field displayname="Anniversary" name="anniversary" type="datetime" />
      <field displayname="Annual Income" name="annualincome" type="money" />
      <field displayname="Annual Income (Base)" name="annualincome_base" type="money" />
      <field displayname="Assistant" name="assistantname" type="string" />
      <field displayname="Assistant Phone" name="assistantphone" type="string" />
      <field displayname="Azure Active Directory User ID" name="bby_azureactivedirectoryuserid" type="entityreference" lookupType="systemuser" customfield="true" />
      <field displayname="Back Office Customer" name="isbackofficecustomer" type="bool" />
      <field displayname="Birthday" name="birthdate" type="datetime" />
      <field displayname="Business Phone" name="telephone1" type="string" />
      <field displayname="Business Phone 2" name="business2" type="string" />
      <field displayname="Callback Number" name="callback" type="string" />
      <field displayname="Children's Names" name="childrensnames" type="string" />
      <field displayname="Company Name" name="parentcustomerid" type="entityreference" lookupType="account|contact" />
      <field displayname="Company Phone" name="company" type="string" />
      <field displayname="Contact" name="contactid" type="guid" primaryKey="true" />
      <field displayname="Created By" name="createdby" type="entityreference" lookupType="systemuser" />
      <field displayname="Created By (Delegate)" name="createdonbehalfby" type="entityreference" lookupType="systemuser" />
      <field displayname="Created By (External Party)" name="createdbyexternalparty" type="entityreference" lookupType="externalparty" />
      <field displayname="Created By IP Address" name="adx_createdbyipaddress" type="string" customfield="true" />
      <field displayname="Created By Username" name="adx_createdbyusername" type="string" customfield="true" />
      <field displayname="Created On" name="createdon" type="datetime" />
      <field displayname="Credit Hold" name="creditonhold" type="bool" />
      <field displayname="Credit Limit" name="creditlimit" type="money" />
      <field displayname="Credit Limit (Base)" name="creditlimit_base" type="money" />
      <field displayname="Currency" name="transactioncurrencyid" type="entityreference" lookupType="transactioncurrency" />
      <field displayname="Customer Size" name="customersizecode" type="optionsetvalue" />
      <field displayname="Customer Type" name="bby_contacttype" type="optionsetvalue" customfield="true" />
      <field displayname="Default Dashboard Category" name="bby_defaultdashboardcategory" type="entityreference" lookupType="category" customfield="true" />
      <field displayname="Department" name="department" type="string" />
      <field displayname="Description" name="description" type="string" />
      <field displayname="Disable Web Tracking" name="msdyn_disablewebtracking" type="bool" customfield="true" />
      <field displayname="Do not allow Bulk Emails" name="donotbulkemail" type="bool" />
      <field displayname="Do not allow Bulk Mails" name="donotbulkpostalmail" type="bool" />
      <field displayname="Do not allow Emails" name="donotemail" type="bool" />
      <field displayname="Do not allow Faxes" name="donotfax" type="bool" />
      <field displayname="Do not allow Mails" name="donotpostalmail" type="bool" />
      <field displayname="Do not allow Phone Calls" name="donotphone" type="bool" />
      <field displayname="Education" name="educationcode" type="optionsetvalue" />
      <field displayname="Email" name="emailaddress1" type="string" />
      <field displayname="Email Address 2" name="emailaddress2" type="string" />
      <field displayname="Email Address 3" name="emailaddress3" type="string" />
      <field displayname="Email Confirmed" name="adx_identity_emailaddress1confirmed" type="bool" customfield="true" />
      <field displayname="Email Notification KA Review Status" name="bby_emailnotificationkareviewstatus" type="bool" customfield="true" />
      <field displayname="Employee" name="employeeid" type="string" />
      <field displayname="Enable Search Google Button" name="bby_googlesearch" type="bool" customfield="true" />
      <field displayname="Entity Image" name="entityimage" type="imagedata" />
      <field displayname="Entity Image Id" name="entityimageid" type="guid" />
      <field displayname="Exchange Rate" name="exchangerate" type="decimal" />
      <field displayname="External User Identifier" name="externaluseridentifier" type="string" />
      <field displayname="Fax" name="fax" type="string" />
      <field displayname="First Name" name="firstname" type="string" />
      <field displayname="Follow Email Activity" name="followemail" type="bool" />
      <field displayname="FTP Site" name="ftpsiteurl" type="string" />
      <field displayname="Full Name" name="fullname" type="string" />
      <field displayname="GDPR Optout" name="msdyn_gdproptout" type="bool" customfield="true" />
      <field displayname="Gender" name="gendercode" type="optionsetvalue" />
      <field displayname="Government" name="governmentid" type="string" />
      <field displayname="Has Children" name="haschildrencode" type="optionsetvalue" />
      <field displayname="Home Phone" name="telephone2" type="string" />
      <field displayname="Home Phone 2" name="home2" type="string" />
      <field displayname="Import Sequence Number" name="importsequencenumber" type="number" />
      <field displayname="Include Tech Help in Search" name="bby_includetechhelpinsearch" type="bool" customfield="true" />
      <field displayname="Include Tech Help Section on Homepage" name="bby_includetechhelpsectiononhomepage" type="bool" customfield="true" />
      <field displayname="Is Minor" name="msdyn_isminor" type="bool" customfield="true" />
      <field displayname="Is Minor with Parental Consent" name="msdyn_isminorwithparentalconsent" type="bool" customfield="true" />
      <field displayname="Job Code" name="bby_jobcode" type="string" customfield="true" />
      <field displayname="Job Title" name="jobtitle" type="string" />
      <field displayname="Last Date Included in Campaign" name="lastusedincampaign" type="datetime" />
      <field displayname="Last Name" name="lastname" type="string" />
      <field displayname="Last On Hold Time" name="lastonholdtime" type="datetime" />
      <field displayname="Last SLA applied" name="slainvokedid" type="entityreference" lookupType="sla" />
      <field displayname="Last Successful Login" name="adx_identity_lastsuccessfullogin" type="datetime" customfield="true" />
      <field displayname="Lead Source" name="leadsourcecode" type="optionsetvalue" />
      <field displayname="Local Login Disabled" name="adx_identity_locallogindisabled" type="bool" customfield="true" />
      <field displayname="Lockout Enabled" name="adx_identity_lockoutenabled" type="bool" customfield="true" />
      <field displayname="Lockout End Date" name="adx_identity_lockoutenddate" type="datetime" customfield="true" />
      <field displayname="Login Enabled" name="adx_identity_logonenabled" type="bool" customfield="true" />
      <field displayname="Manager" name="managername" type="string" />
      <field displayname="Manager Phone" name="managerphone" type="string" />
      <field displayname="Managing Partner" name="msa_managingpartnerid" type="entityreference" lookupType="account" customfield="true" />
      <field displayname="Marital Status" name="familystatuscode" type="optionsetvalue" />
      <field displayname="Marketing Only" name="marketingonly" type="bool" />
      <field displayname="Master ID" name="masterid" type="entityreference" lookupType="contact" />
      <field displayname="Merged" name="merged" type="bool" />
      <field displayname="Middle Name" name="middlename" type="string" />
      <field displayname="Mobile Phone" name="mobilephone" type="string" />
      <field displayname="Mobile Phone Confirmed" name="adx_identity_mobilephoneconfirmed" type="bool" customfield="true" />
      <field displayname="Modified By" name="modifiedby" type="entityreference" lookupType="systemuser" />
      <field displayname="Modified By (Delegate)" name="modifiedonbehalfby" type="entityreference" lookupType="systemuser" />
      <field displayname="Modified By (External Party)" name="modifiedbyexternalparty" type="entityreference" lookupType="externalparty" />
      <field displayname="Modified By IP Address" name="adx_modifiedbyipaddress" type="string" customfield="true" />
      <field displayname="Modified By Username" name="adx_modifiedbyusername" type="string" customfield="true" />
      <field displayname="Modified On" name="modifiedon" type="datetime" />
      <field displayname="Nickname" name="nickname" type="string" />
      <field displayname="No. of Children" name="numberofchildren" type="number" />
      <field displayname="On Hold Time (Minutes)" name="onholdtime" type="number" />
      <field displayname="Organization Name" name="adx_organizationname" type="string" customfield="true" />
      <field displayname="Originating Lead" name="originatingleadid" type="entityreference" lookupType="lead" />
      <field displayname="Owner" name="ownerid" type="owner" />
      <field displayname="Owning Business Unit" name="owningbusinessunit" type="entityreference" lookupType="businessunit" />
      <field displayname="Owning Team" name="owningteam" type="entityreference" lookupType="team" />
      <field displayname="Owning User" name="owninguser" type="entityreference" lookupType="systemuser" />
      <field displayname="Pager" name="pager" type="string" />
      <field displayname="Parent Contact" name="parentcontactid" type="entityreference" lookupType="contact" />
      <field displayname="Participates in Workflow" name="participatesinworkflow" type="bool" />
      <field displayname="Party ID" name="bby_partyid" type="string" customfield="true" />
      <field displayname="Password Hash" name="adx_identity_passwordhash" type="string" customfield="true" />
      <field displayname="Payment Terms" name="paymenttermscode" type="optionsetvalue" />
      <field displayname="Portal Terms Agreement Date" name="msdyn_portaltermsagreementdate" type="datetime" customfield="true" />
      <field displayname="Portal Theme" name="bby_portaltheme" type="optionsetvalue" customfield="true" />
      <field displayname="Preferred Day" name="preferredappointmentdaycode" type="optionsetvalue" />
      <field displayname="Preferred Facility/Equipment" name="preferredequipmentid" type="entityreference" lookupType="equipment" />
      <field displayname="Preferred Language" name="adx_preferredlanguageid" type="entityreference" lookupType="adx_portallanguage" customfield="true" />
      <field displayname="Preferred Method of Contact" name="preferredcontactmethodcode" type="optionsetvalue" />
      <field displayname="Preferred Service" name="preferredserviceid" type="entityreference" lookupType="service" />
      <field displayname="Preferred Time" name="preferredappointmenttimecode" type="optionsetvalue" />
      <field displayname="Preferred User" name="preferredsystemuserid" type="entityreference" lookupType="systemuser" />
      <field displayname="Price List" name="defaultpricelevelid" type="entityreference" lookupType="pricelevel" />
      <field displayname="Process" name="processid" type="guid" />
      <field displayname="Profile Alert" name="adx_profilealert" type="bool" customfield="true" />
      <field displayname="Profile Alert Date" name="adx_profilealertdate" type="datetime" customfield="true" />
      <field displayname="Profile Alert Instructions" name="adx_profilealertinstructions" type="string" customfield="true" />
      <field displayname="Profile Is Anonymous" name="adx_profileisanonymous" type="bool" customfield="true" />
      <field displayname="Profile Last Activity" name="adx_profilelastactivity" type="datetime" customfield="true" />
      <field displayname="Profile Modified On" name="adx_profilemodifiedon" type="datetime" customfield="true" />
      <field displayname="Public Profile Copy" name="adx_publicprofilecopy" type="string" customfield="true" />
      <field displayname="Quick Links Admin" name="bby_quicklinksadmin" type="bool" customfield="true" />
      <field displayname="Receive Notifications for Alerts" name="bby_receivenotificationsforalerts" type="bool" customfield="true" />
      <field displayname="Receive Notifications for Bookmarks" name="bby_receivenotificationsforbookmarks" type="bool" customfield="true" />
      <field displayname="Receive Notifications for Shared Articles" name="bby_receivenotificationsforsharedarticles" type="bool" customfield="true" />
      <field displayname="Record Created On" name="overriddencreatedon" type="datetime" />
      <field displayname="Relationship Type" name="customertypecode" type="optionsetvalue" />
      <field displayname="Role" name="accountrolecode" type="optionsetvalue" />
      <field displayname="Salutation" name="salutation" type="string" />
      <field displayname="Security Stamp" name="adx_identity_securitystamp" type="string" customfield="true" />
      <field displayname="Send Marketing Materials" name="donotsendmm" type="bool" />
      <field displayname="Set Search Filter to Current Homepage" name="bby_defaultsearchtodashboard" type="bool" customfield="true" />
      <field displayname="Shipping Method" name="shippingmethodcode" type="optionsetvalue" />
      <field displayname="SLA" name="slaid" type="entityreference" lookupType="sla" />
      <field displayname="Spouse/Partner Name" name="spousesname" type="string" />
      <field displayname="Status" name="statecode" type="state" />
      <field displayname="Status Reason" name="statuscode" type="status" />
      <field displayname="Subscribe to Email Notifications for Alerts" name="bby_subscribetoemailnotificationsforalerts" type="bool" customfield="true" />
      <field displayname="Suffix" name="suffix" type="string" />
      <field displayname="Telephone 3" name="telephone3" type="string" />
      <field displayname="Territory" name="territorycode" type="optionsetvalue" />
      <field displayname="Time Spent by me" name="timespentbymeonemailandmeetings" type="string" />
      <field displayname="Time Zone" name="adx_timezone" type="number" customfield="true" />
      <field displayname="Time Zone Rule Version Number" name="timezoneruleversionnumber" type="number" />
      <field displayname="Two Factor Enabled" name="adx_identity_twofactorenabled" type="bool" customfield="true" />
      <field displayname="User Name" name="adx_identity_username" type="string" customfield="true" />
      <field displayname="UTC Conversion Time Zone Code" name="utcconversiontimezonecode" type="number" />
      <field displayname="Website" name="websiteurl" type="string" />
      <field displayname="Yomi First Name" name="yomifirstname" type="string" />
      <field displayname="Yomi Full Name" name="yomifullname" type="string" />
      <field displayname="Yomi Last Name" name="yomilastname" type="string" />
      <field displayname="Yomi Middle Name" name="yomimiddlename" type="string" />
    </fields>
  </entity>
  <entity name="theme" displayname="Theme" etc="2015" primaryidfield="themeid" primarynamefield="name" disableplugins="true">
    <fields>
      <field displayname="Accent Color" name="accentcolor" type="string" />
      <field displayname="Background Color" name="backgroundcolor" type="string" />
      <field displayname="Control Hover Border Color" name="controlborder" type="string" />
      <field displayname="Control Hover Fill Color" name="controlshade" type="string" />
      <field displayname="Created By" name="createdby" type="entityreference" lookupType="systemuser" />
      <field displayname="Created By (Delegate)" name="createdonbehalfby" type="entityreference" lookupType="systemuser" />
      <field displayname="Created On" name="createdon" type="datetime" dateMode="relative" />
      <field displayname="Currency" name="transactioncurrencyid" type="entityreference" lookupType="transactioncurrency" />
      <field displayname="Default Custom Entity Color" name="defaultcustomentitycolor" type="string" />
      <field displayname="Default Entity Color" name="defaultentitycolor" type="string" />
      <field displayname="Default Theme" name="isdefaulttheme" type="bool" />
      <field displayname="ExchangeRate" name="exchangerate" type="decimal" />
      <field displayname="Hover Link Color" name="hoverlinkeffect" type="string" />
      <field displayname="Import Sequence Number" name="importsequencenumber" type="number" />
      <field displayname="Legacy Accent Color" name="processcontrolcolor" type="string" />
      <field displayname="Link and Button Text Color" name="globallinkcolor" type="string" />
      <field displayname="Logo Tooltip" name="logotooltip" type="string" />
      <field displayname="Main Color" name="maincolor" type="string" />
      <field displayname="Modified By" name="modifiedby" type="entityreference" lookupType="systemuser" />
      <field displayname="Modified By (Delegate)" name="modifiedonbehalfby" type="entityreference" lookupType="systemuser" />
      <field displayname="Modified On" name="modifiedon" type="datetime" dateMode="relative" />
      <field displayname="Navigation Bar Fill Color" name="navbarbackgroundcolor" type="string" />
      <field displayname="Navigation Bar Shelf Fill Color" name="navbarshelfcolor" type="string" />
      <field displayname="Organization Id" name="organizationid" type="entityreference" lookupType="organization" />
      <field displayname="Page Header Fill Color" name="pageheaderbackgroundcolor" type="string" />
      <field displayname="Panel Header Fill Color" name="panelheaderbackgroundcolor" type="string" />
      <field displayname="Record Created On" name="overriddencreatedon" type="datetime" dateMode="relative" />
      <field displayname="Selected Link Color" name="selectedlinkeffect" type="string" />
      <field displayname="Status" name="statecode" type="state" />
      <field displayname="Status Reason" name="statuscode" type="status" />
      <field displayname="Theme" name="themeid" type="guid" primaryKey="true" />
      <field displayname="Theme Name" name="name" type="string" />
      <field displayname="Time Zone Rule Version Number" name="timezoneruleversionnumber" type="number" />
      <field displayname="Title Text Color" name="headercolor" type="string" />
      <field displayname="Type" name="type" type="bool" />
      <field displayname="UTC Conversion Time Zone Code" name="utcconversiontimezonecode" type="number" />
    </fields>
    <relationships />
  </entity>
  <entity name="incident" displayname="Case" etc="112" primaryidfield="incidentid" primarynamefield="title" disableplugins="false">
    <fields>
      <field displayname="Account" name="accountid" type="entityreference" lookupType="account" />
      <field displayname="Activities Complete" name="activitiescomplete" type="bool" />
      <field displayname="Actual Service Units" name="actualserviceunits" type="number" />
      <field displayname="Billed Service Units" name="billedserviceunits" type="number" />
      <field displayname="Blocked Profile" name="blockedprofile" type="bool" />
      <field updateCompare="true" displayname="Case" name="incidentid" type="guid" primaryKey="true" />
      <field displayname="Case Number" name="ticketnumber" type="string" />
      <field displayname="Case Stage" name="incidentstagecode" type="optionsetvalue" />
      <field displayname="Case Title" name="title" type="string" />
      <field displayname="Case Type" name="casetypecode" type="optionsetvalue" />
      <field displayname="Check Email" name="checkemail" type="bool" />
      <field displayname="Child Cases" name="numberofchildincidents" type="number" />
      <field displayname="Contact" name="contactid" type="entityreference" lookupType="contact" />
      <field displayname="Contact" name="primarycontactid" type="entityreference" lookupType="contact" />
      <field displayname="Contract" name="contractid" type="entityreference" lookupType="contract" />
      <field displayname="Contract Line" name="contractdetailid" type="entityreference" lookupType="contractdetail" />
      <field displayname="Created By" name="createdby" type="entityreference" lookupType="systemuser" />
      <field displayname="Created By (Delegate)" name="createdonbehalfby" type="entityreference" lookupType="systemuser" />
      <field displayname="Created By (External Party)" name="createdbyexternalparty" type="entityreference" lookupType="externalparty" />
      <field displayname="Created By IP Address" name="adx_createdbyipaddress" type="string" customfield="true" />
      <field displayname="Created By Username" name="adx_createdbyusername" type="string" customfield="true" />
      <field displayname="Created On" name="createdon" type="datetime" dateMode="absolute" />
      <field displayname="Currency" name="transactioncurrencyid" type="entityreference" lookupType="transactioncurrency" />
      <field displayname="Customer" name="customerid" type="entityreference" lookupType="account|contact" />
      <field displayname="Customer Contacted" name="customercontacted" type="bool" />
      <field displayname="Decrement Entitlement Terms" name="decremententitlementterm" type="bool" />
      <field displayname="Decrementing" name="isdecrementing" type="bool" />
      <field displayname="Description" name="description" type="string" />
      <field displayname="Email Address" name="emailaddress" type="string" />
      <field displayname="Entitlement" name="entitlementid" type="entityreference" lookupType="entitlement" />
      <field displayname="Entity Image" name="entityimage" type="imagedata" />
      <field displayname="entityimageid" name="entityimageid" type="guid" />
      <field displayname="Escalated On" name="escalatedon" type="datetime" dateMode="relative" />
      <field displayname="Exchange Rate" name="exchangerate" type="decimal" />
      <field displayname="First Response By" name="responseby" type="datetime" />
      <field displayname="First Response By KPI" name="firstresponsebykpiid" type="entityreference" lookupType="slakpiinstance" />
      <field displayname="First Response Sent" name="firstresponsesent" type="bool" />
      <field displayname="First Response SLA Status" name="firstresponseslastatus" type="optionsetvalue" />
      <field displayname="Follow Up By" name="followupby" type="datetime" />
      <field displayname="Follow up Task Created" name="followuptaskcreated" type="bool" />
      <field displayname="Import Sequence Number" name="importsequencenumber" type="number" />
      <field displayname="Incident Type" name="msdyn_incidenttype" type="entityreference" lookupType="msdyn_incidenttype" customfield="true" />
      <field displayname="Influence Score" name="influencescore" type="float" />
      <field displayname="Internal Use Only" name="merged" type="bool" />
      <field displayname="Is Escalated" name="isescalated" type="bool" />
      <field displayname="Knowledge Base Article" name="kbarticleid" type="entityreference" lookupType="kbarticle" />
      <field displayname="Last On Hold Time" name="lastonholdtime" type="datetime" />
      <field displayname="Last SLA applied" name="slainvokedid" type="entityreference" lookupType="sla" />
      <field displayname="Master Case" name="masterid" type="entityreference" lookupType="incident" />
      <field displayname="Modified By" name="modifiedby" type="entityreference" lookupType="systemuser" />
      <field displayname="Modified By (Delegate)" name="modifiedonbehalfby" type="entityreference" lookupType="systemuser" />
      <field displayname="Modified By (External Party)" name="modifiedbyexternalparty" type="entityreference" lookupType="externalparty" />
      <field displayname="Modified By IP Address" name="adx_modifiedbyipaddress" type="string" customfield="true" />
      <field displayname="Modified By Username" name="adx_modifiedbyusername" type="string" customfield="true" />
      <field displayname="Modified On" name="modifiedon" type="datetime" />
      <field displayname="On Hold Time (Minutes)" name="onholdtime" type="number" />
      <field displayname="Origin" name="caseorigincode" type="optionsetvalue" />
      <field displayname="Owner" name="ownerid" type="owner" />
      <field displayname="Owning Business Unit" name="owningbusinessunit" type="entityreference" lookupType="businessunit" />
      <field displayname="Owning Team" name="owningteam" type="entityreference" lookupType="team" />
      <field displayname="Owning User" name="owninguser" type="entityreference" lookupType="systemuser" />
      <field displayname="Parent Case" name="parentcaseid" type="entityreference" lookupType="incident" />
      <field displayname="Partner" name="msa_partnerid" type="entityreference" lookupType="account" customfield="true" />
      <field displayname="Partner Contact" name="msa_partnercontactid" type="entityreference" lookupType="contact" customfield="true" />
      <field displayname="Priority" name="prioritycode" type="optionsetvalue" />
      <field displayname="Process Id" name="processid" type="guid" />
      <field displayname="Product" name="productid" type="entityreference" lookupType="product" />
      <field displayname="Publish to Web" name="adx_publishtoweb" type="bool" customfield="true" />
      <field displayname="Received As" name="messagetypecode" type="optionsetvalue" />
      <field displayname="Record Created On" name="overriddencreatedon" type="datetime" />
      <field displayname="Resolution" name="adx_resolution" type="string" customfield="true" />
      <field displayname="Resolution Date" name="adx_resolutiondate" type="datetime" customfield="true" />
      <field displayname="Resolve By" name="resolveby" type="datetime" />
      <field displayname="Resolve By KPI" name="resolvebykpiid" type="entityreference" lookupType="slakpiinstance" />
      <field displayname="Resolve By SLA Status" name="resolvebyslastatus" type="optionsetvalue" />
      <field displayname="Responsible Contact" name="responsiblecontactid" type="entityreference" lookupType="contact" />
      <field displayname="Route Case" name="routecase" type="bool" />
      <field displayname="Satisfaction" name="customersatisfactioncode" type="optionsetvalue" />
      <field displayname="Sentiment Value" name="sentimentvalue" type="float" />
      <field displayname="Serial Number" name="productserialnumber" type="string" />
      <field displayname="Service Level" name="contractservicelevelcode" type="optionsetvalue" />
      <field displayname="Service Stage" name="servicestage" type="optionsetvalue" />
      <field displayname="Severity" name="severitycode" type="optionsetvalue" />
      <field displayname="SLA" name="slaid" type="entityreference" lookupType="sla" />
      <field displayname="Social Profile" name="socialprofileid" type="entityreference" lookupType="socialprofile" />
      <field displayname="Stage Id" name="stageid" type="guid" />
      <field displayname="Status" name="statecode" type="state" />
      <field displayname="Status Reason" name="statuscode" type="status" />
      <field displayname="Steps to Reproduce" name="adx_stepstoreproduce" type="string" customfield="true" />
      <field displayname="Subject" name="subjectid" type="entityreference" lookupType="subject" />
      <field displayname="Time Zone Rule Version Number" name="timezoneruleversionnumber" type="number" />
      <field displayname="Traversed Path" name="traversedpath" type="string" />
      <field displayname="UTC Conversion Time Zone Code" name="utcconversiontimezonecode" type="number" />
    </fields>
    <relationships />
  </entity>
  <entity name="knowledgearticle" displayname="Knowledge Article" etc="9953" primaryidfield="knowledgearticleid" primarynamefield="title" disableplugins="false">
    <fields>
      <field displayname="Add Comments" name="bby_addcomments" type="bool" customfield="true" />
      <field displayname="Approval Type" name="bby_approvaltype" type="optionsetvalue" customfield="true" />
      <field displayname="Approver" name="bby_approver" type="entityreference" lookupType="systemuser" customfield="true" />
      <field displayname="Approving Group" name="bby_approvinggroup" type="entityreference" lookupType="bby_knowledgearticlegroup" customfield="true" />
      <field displayname="Approving Team" name="bby_approvingteam" type="entityreference" lookupType="team" customfield="true" />
      <field displayname="Article Public Number Search" name="bby_articlepublicnumbersearch" type="string" customfield="true" />
      <field displayname="Article Verified" name="bby_articleverified" type="optionsetvalue" customfield="true" />
      <field displayname="Associated Categories Data" name="bby_associatedcategoriesdata" type="string" customfield="true" />
      <field displayname="Attachment Details" name="bby_attachmentdetails" type="string" customfield="true" />
      <field displayname="Attachments" name="bby_attachments" type="string" customfield="true" />
      <field displayname="Blob Container Name" name="bby_blobcontainername" type="string" customfield="true" />
      <field displayname="Categories" name="bby_categories" type="string" customfield="true" />
      <field displayname="Category Data" name="bby_categorydata" type="string" customfield="true" />
      <field displayname="Category Guids" name="bby_categoryguids" type="string" customfield="true" />
      <field displayname="Content" name="content" type="string" />
      <field displayname="Content Owner" name="bby_contentowner" type="entityreference" lookupType="systemuser" customfield="true" />
      <field displayname="Content Type" name="bby_contenttype" type="optionsetvalue" customfield="true" />
      <field displayname="Created By" name="createdby" type="entityreference" lookupType="systemuser" />
      <field displayname="Created By (Delegate)" name="createdonbehalfby" type="entityreference" lookupType="systemuser" />
      <field displayname="Created On" name="createdon" type="datetime" />
      <field displayname="Currency" name="transactioncurrencyid" type="entityreference" lookupType="transactioncurrency" />
      <field displayname="Display Type" name="bby_displaytype" type="optionsetvalue" customfield="true" />
      <field updateCompare="true" displayname="edi Number" name="articlepublicnumber" type="string" />
      <field displayname="ExchangeRate" name="exchangerate" type="decimal" />
      <field displayname="Expiration Date" name="expirationdate" type="datetime" />
      <field displayname="Expiration State Id" name="expirationstateid" type="number" />
      <field displayname="Expired Review Options" name="expiredreviewoptions" type="optionsetvalue" />
      <field displayname="Expired Status" name="expirationstatusid" type="number" />
      <field displayname="Featured" name="bby_featured" type="bool" customfield="true" />
      <field displayname="Feedback - No" name="bby_feedback_no" type="number" customfield="true" />
      <field displayname="Feedback - Yes" name="bby_feedback_yes" type="number" customfield="true" />
      <field displayname="Has Attachments" name="bby_hasattachments" type="bool" customfield="true" />
      <field displayname="Help Rating" name="bby_feedback_avg" type="number" customfield="true" />
      <field displayname="Hidden Feedback No" name="bby_hiddenfeedbackno" type="number" customfield="true" />
      <field displayname="Hidden Feedback Yes" name="bby_hiddenfeedbackyes" type="number" customfield="true" />
      <field displayname="Import Sequence Number" name="importsequencenumber" type="number" />
      <field displayname="Internal" name="isinternal" type="bool" />
      <field displayname="Is Latest Version" name="islatestversion" type="bool" />
      <field displayname="Is Rating Cumilative" name="bby_isratingcumilative" type="bool" customfield="true" />
      <field displayname="Kana ID" name="bby_kanaid" type="string" customfield="true" />
      <field displayname="Kana Migratable Reference" name="bby_kanamigratablereference" type="string" customfield="true" />
      <field displayname="Keywords" name="keywords" type="string" />
      <field displayname="Keywords Search" name="bby_keywordssearch" type="string" customfield="true" />
      <field displayname="Knowledge Article" name="knowledgearticleid" type="guid" primaryKey="true" />
      <field displayname="Knowledge Article View(Last Updated Time)" name="knowledgearticleviews_date" type="datetime" />
      <field displayname="Knowledge Article View(State)" name="knowledgearticleviews_state" type="number" />
      <field displayname="KnowledgeArticleWebCALs" name="bby_knowledgearticlewebcals" type="string" customfield="true" />
      <field displayname="Language" name="languagelocaleid" type="entityreference" lookupType="languagelocale" />
      <field displayname="Last Modified On" name="bby_portalmodifiedon" type="datetime" customfield="true" />
      <field displayname="Last Notification Date" name="bby_lastnotificationdate" type="datetime" customfield="true" />
      <field displayname="Major Version Number" name="majorversionnumber" type="number" />
      <field displayname="Minor Version Number" name="minorversionnumber" type="number" />
      <field displayname="Modified By" name="modifiedby" type="entityreference" lookupType="systemuser" />
      <field displayname="Modified By (Delegate)" name="modifiedonbehalfby" type="entityreference" lookupType="systemuser" />
      <field displayname="Modified On" name="modifiedon" type="datetime" />
      <field displayname="Notification Count" name="bby_notificationcount" type="number" customfield="true" />
      <field displayname="Original Author" name="primaryauthorid" type="entityreference" lookupType="systemuser" />
      <field displayname="Owner" name="ownerid" type="owner" />
      <field displayname="Owning Business Unit" name="owningbusinessunit" type="entityreference" lookupType="businessunit" />
      <field displayname="Owning Team" name="owningteam" type="entityreference" lookupType="team" />
      <field displayname="Owning User" name="owninguser" type="entityreference" lookupType="systemuser" />
      <field displayname="Parent Article Content Id" name="parentarticlecontentid" type="entityreference" lookupType="knowledgearticle" />
      <field displayname="Portal Created By" name="bby_portalcreatedby" type="entityreference" lookupType="contact" customfield="true" />
      <field displayname="Portal Editor" name="bby_portaleditor" type="entityreference" lookupType="contact" customfield="true" />
      <field displayname="Previous Article Content ID" name="previousarticlecontentid" type="entityreference" lookupType="knowledgearticle" />
      <field displayname="Primary Article" name="isprimary" type="bool" />
      <field displayname="Process Id" name="processid" type="guid" />
      <field displayname="Product Categories" name="bby_productcategories" type="string" customfield="true" />
      <field displayname="Product Data" name="bby_productdata" type="string" customfield="true" />
      <field displayname="Product Data Search" name="bby_productdatasearch" type="string" customfield="true" />
      <field displayname="Product Model Numbers" name="bby_productmodelnumbers" type="string" customfield="true" />
      <field displayname="Product Model Numbers Search" name="bby_productmodelnumberssearch" type="string" customfield="true" />
      <field displayname="Product Vendors" name="bby_productvendors" type="string" customfield="true" />
      <field displayname="Product Vendors Search" name="bby_productvendorssearch" type="string" customfield="true" />
      <field displayname="Promotional End" name="bby_promoend" type="datetime" customfield="true" />
      <field displayname="Promotional Start" name="bby_promostart" type="datetime" customfield="true" />
      <field displayname="Publish On" name="publishon" type="datetime" />
      <field displayname="Published By" name="bby_publishedby" type="entityreference" lookupType="systemuser" customfield="true" />
      <field displayname="Published Status" name="publishstatusid" type="number" />
      <field displayname="Rating" name="rating" type="decimal" />
      <field displayname="Rating(Count)" name="rating_count" type="number" />
      <field displayname="Rating(Last Updated Time)" name="rating_date" type="datetime" />
      <field displayname="Rating(State)" name="rating_state" type="number" />
      <field displayname="Rating(sum)" name="rating_sum" type="decimal" />
      <field displayname="Ready For Review" name="readyforreview" type="bool" />
      <field displayname="Record Created On" name="overriddencreatedon" type="datetime" />
      <field displayname="Refresh Portal Categories" name="bby_refreshportalcategories" type="bool" customfield="true" />
      <field displayname="Rejection Reason" name="bby_rejectionreason" type="string" customfield="true" />
      <field displayname="Reminder Message Counter" name="bby_remindermessagecounter" type="number" customfield="true" />
      <field displayname="Review" name="review" type="optionsetvalue" />
      <field displayname="Root Article" name="isrootarticle" type="bool" />
      <field displayname="Root Article Id" name="rootarticleid" type="entityreference" lookupType="knowledgearticle" />
      <field displayname="Scheduled Status" name="scheduledstatusid" type="number" />
      <field displayname="Secure Content" name="bby_securecontent" type="bool" customfield="true" />
      <field displayname="Security Modified On" name="bby_securitymodifiedon" type="datetime" customfield="true" />
      <field displayname="Set Category Associations" name="setcategoryassociations" type="bool" />
      <field displayname="Set Product Associations" name="setproductassociations" type="bool" />
      <field displayname="Short Description" name="description" type="string" />
      <field displayname="Stage Id" name="stageid" type="guid" />
      <field displayname="Status" name="statecode" type="state" />
      <field displayname="Status Reason" name="statuscode" type="status" />
      <field displayname="Subject" name="subjectid" type="entityreference" lookupType="subject" />
      <field displayname="Time Zone Rule Version Number" name="timezoneruleversionnumber" type="number" />
      <field updateCompare="true" displayname="Title" name="title" type="string" />
      <field displayname="Total Feedback" name="bby_totalfeedback" type="number" customfield="true" />
      <field displayname="Trigger Notification" name="bby_triggernotification" type="bool" customfield="true" />
      <field displayname="Type of Promotion" name="bby_promotionaltype" type="optionsetvalue" customfield="true" />
      <field displayname="Update Content" name="updatecontent" type="bool" />
      <field displayname="UTC Conversion Time Zone Code" name="utcconversiontimezonecode" type="number" />
      <field displayname="Version Created By" name="bby_versioncreatedby" type="entityreference" lookupType="systemuser" customfield="true" />
      <field displayname="Version Flag" name="bby_versionflag" type="bool" customfield="true" />
      <field displayname="Version From Article Id" name="bby_versionfromarticleid" type="string" customfield="true" />
      <field displayname="Version Notes" name="bby_versionnotesadded" type="bool" customfield="true" />
      <field displayname="Versioning Comments" name="bby_versioningcomments" type="string" customfield="true" />
      <field displayname="Views" name="knowledgearticleviews" type="number" />
    </fields>
    <relationships>
      <relationship name="knowledgearticlescategories" manyToMany="true" isreflexive="false" relatedEntityName="knowledgearticlescategories" m2mTargetEntity="category" m2mTargetEntityPrimaryKey="categoryid" />
      <relationship name="msdyn_knowledgearticle_knowledgearticle" manyToMany="true" isreflexive="true" relatedEntityName="msdyn_knowledgearticle_knowledgearticle" m2mTargetEntity="knowledgearticle" m2mTargetEntityPrimaryKey="knowledgearticleid" />
    </relationships>
  </entity>
  <entity name="msdyn_resourcerequirementdetail" displayname="Resource Requirement Detail" etc="10022" primaryidfield="msdyn_resourcerequirementdetailid" primarynamefield="msdyn_name" disableplugins="false">
    <fields>
      <field displayname="Created By" name="createdby" type="entityreference" lookupType="systemuser" />
      <field displayname="Created By (Delegate)" name="createdonbehalfby" type="entityreference" lookupType="systemuser" />
      <field displayname="Created On" name="createdon" type="datetime" />
      <field displayname="Duration" name="msdyn_duration" type="number" customfield="true" />
      <field displayname="From" name="msdyn_from" type="datetime" customfield="true" />
      <field displayname="Hours" name="msdyn_hours" type="decimal" customfield="true" />
      <field displayname="Import Sequence Number" name="importsequencenumber" type="number" />
      <field displayname="Modified By" name="modifiedby" type="entityreference" lookupType="systemuser" />
      <field displayname="Modified By (Delegate)" name="modifiedonbehalfby" type="entityreference" lookupType="systemuser" />
      <field displayname="Modified On" name="modifiedon" type="datetime" />
      <field displayname="Name" name="msdyn_name" type="string" customfield="true" />
      <field displayname="Owner" name="ownerid" type="owner" />
      <field displayname="Owning Business Unit" name="owningbusinessunit" type="entityreference" lookupType="businessunit" />
      <field displayname="Owning Team" name="owningteam" type="entityreference" lookupType="team" />
      <field displayname="Owning User" name="owninguser" type="entityreference" lookupType="systemuser" />
      <field displayname="Record Created On" name="overriddencreatedon" type="datetime" />
      <field displayname="Resource Requirement" name="msdyn_resourcerequirementid" type="entityreference" lookupType="msdyn_resourcerequirement" customfield="true" />
      <field displayname="Resource Requirement Detail" name="msdyn_resourcerequirementdetailid" type="guid" primaryKey="true" />
      <field displayname="Status" name="statecode" type="state" />
      <field displayname="Status Reason" name="statuscode" type="status" />
      <field displayname="Time Zone Rule Version Number" name="timezoneruleversionnumber" type="number" />
      <field displayname="To" name="msdyn_to" type="datetime" customfield="true" />
      <field displayname="UTC Conversion Time Zone Code" name="utcconversiontimezonecode" type="number" />
      <field displayname="Version Number" name="versionnumber" type="bigint" />
    </fields>
    <relationships />
  </entity>
  <entity name="msdyn_purchaseorderproduct" displayname="Purchase Order Product" etc="10149" primaryidfield="msdyn_purchaseorderproductid" primarynamefield="msdyn_name" disableplugins="false">
    <fields>
      <field displayname="Associate To Booking" name="msdyn_associatetobooking" type="entityreference" lookupType="bookableresourcebooking" customfield="true" />
      <field displayname="Associate To Warehouse" name="msdyn_associatetowarehouse" type="entityreference" lookupType="msdyn_warehouse" customfield="true" />
      <field displayname="Associate To Work Order" name="msdyn_associatetoworkorder" type="entityreference" lookupType="msdyn_workorder" customfield="true" />
      <field displayname="Created By" name="createdby" type="entityreference" lookupType="systemuser" />
      <field displayname="Created By (Delegate)" name="createdonbehalfby" type="entityreference" lookupType="systemuser" />
      <field displayname="Created On" name="createdon" type="datetime" />
      <field displayname="Currency" name="transactioncurrencyid" type="entityreference" lookupType="transactioncurrency" />
      <field displayname="Date Expected" name="msdyn_dateexpected" type="datetime" customfield="true" />
      <field displayname="Description" name="msdyn_description" type="string" customfield="true" />
      <field displayname="Exchange Rate" name="exchangerate" type="decimal" />
      <field displayname="Import Sequence Number" name="importsequencenumber" type="number" />
      <field displayname="Internal Flags" name="msdyn_internalflags" type="string" customfield="true" />
      <field displayname="Is Ordered" name="msdyn_isordered" type="bool" customfield="true" />
      <field displayname="Item Status" name="msdyn_itemstatus" type="optionsetvalue" customfield="true" />
      <field displayname="Line Order" name="msdyn_lineorder" type="number" customfield="true" />
      <field displayname="Modified By" name="modifiedby" type="entityreference" lookupType="systemuser" />
      <field displayname="Modified By (Delegate)" name="modifiedonbehalfby" type="entityreference" lookupType="systemuser" />
      <field displayname="Modified On" name="modifiedon" type="datetime" />
      <field displayname="Name" name="msdyn_name" type="string" customfield="true" />
      <field displayname="Owner" name="ownerid" type="owner" />
      <field displayname="Owning Business Unit" name="owningbusinessunit" type="entityreference" lookupType="businessunit" />
      <field displayname="Owning Team" name="owningteam" type="entityreference" lookupType="team" />
      <field displayname="Owning User" name="owninguser" type="entityreference" lookupType="systemuser" />
      <field displayname="Product" name="msdyn_product" type="entityreference" lookupType="product" customfield="true" />
      <field displayname="Purchase Order" name="msdyn_purchaseorder" type="entityreference" lookupType="msdyn_purchaseorder" customfield="true" />
      <field displayname="Purchase Order Product" name="msdyn_purchaseorderproductid" type="guid" primaryKey="true" />
      <field displayname="Quantity" name="msdyn_quantity" type="float" customfield="true" />
      <field displayname="Quantity Billed" name="msdyn_qtybilled" type="float" customfield="true" />
      <field displayname="Quantity Received" name="msdyn_qtyreceived" type="float" customfield="true" />
      <field displayname="Record Created On" name="overriddencreatedon" type="datetime" />
      <field displayname="Status" name="statecode" type="state" />
      <field displayname="Status Reason" name="statuscode" type="status" />
      <field displayname="Time Zone Rule Version Number" name="timezoneruleversionnumber" type="number" />
      <field displayname="Total Cost" name="msdyn_totalcost" type="money" customfield="true" />
      <field displayname="Total Cost (Base)" name="msdyn_totalcost_base" type="money" customfield="true" />
      <field displayname="Unit" name="msdyn_unit" type="entityreference" lookupType="uom" customfield="true" />
      <field displayname="Unit Cost" name="msdyn_unitcost" type="money" customfield="true" />
      <field displayname="Unit Cost (Base)" name="msdyn_unitcost_base" type="money" customfield="true" />
      <field displayname="UTC Conversion Time Zone Code" name="utcconversiontimezonecode" type="number" />
      <field displayname="Version Number" name="versionnumber" type="bigint" />
    </fields>
    <relationships />
  </entity>
  <entity name="kbarticletemplate" displayname="Article Template" etc="1016" primaryidfield="kbarticletemplateid" primarynamefield="title" disableplugins="false">
    <fields>
      <field displayname="Article Template" name="kbarticletemplateid" type="guid" primaryKey="true" />
    </fields>
    <relationships />
  </entity>
  <entity name="contract" displayname="Contract" etc="1010" primaryidfield="contractid" primarynamefield="title" disableplugins="false">
    <fields>
      <field displayname="Account" name="accountid" type="entityreference" lookupType="account" />
      <field displayname="Allotment Type" name="allotmenttypecode" type="optionsetvalue" />
      <field displayname="Bill To Address" name="billtoaddress" type="entityreference" lookupType="customeraddress" />
      <field displayname="Bill To Customer" name="billingcustomerid" type="entityreference" lookupType="account|contact" />
      <field displayname="Billing Account" name="billingaccountid" type="entityreference" lookupType="account" />
      <field displayname="Billing Contact" name="billingcontactid" type="entityreference" lookupType="contact" />
      <field displayname="Billing End Date" name="billingendon" type="datetime" />
      <field displayname="Billing Frequency" name="billingfrequencycode" type="optionsetvalue" />
      <field displayname="Billing Start Date" name="billingstarton" type="datetime" />
      <field displayname="Cancellation Date" name="cancelon" type="datetime" />
      <field displayname="Contact" name="contactid" type="entityreference" lookupType="contact" />
      <field displayname="Contract" name="contractid" type="guid" primaryKey="true" />
      <field displayname="Contract Address" name="serviceaddress" type="entityreference" lookupType="customeraddress" />
      <field displayname="Contract End Date" name="expireson" type="datetime" />
      <field displayname="Contract ID" name="contractnumber" type="string" />
      <field displayname="Contract Name" name="title" type="string" />
      <field displayname="Contract Start Date" name="activeon" type="datetime" />
      <field displayname="Contract Template" name="contracttemplateid" type="entityreference" lookupType="contracttemplate" />
      <field displayname="Created By" name="createdby" type="entityreference" lookupType="systemuser" />
      <field displayname="Created By (Delegate)" name="createdonbehalfby" type="entityreference" lookupType="systemuser" />
      <field displayname="Created On" name="createdon" type="datetime" />
      <field displayname="Currency" name="transactioncurrencyid" type="entityreference" lookupType="transactioncurrency" />
      <field displayname="Customer" name="customerid" type="entityreference" lookupType="account|contact" />
      <field displayname="Description" name="contractlanguage" type="string" />
      <field displayname="Discount" name="usediscountaspercentage" type="bool" />
      <field displayname="Duration" name="duration" type="number" />
      <field displayname="Email Address" name="emailaddress" type="string" />
      <field displayname="Entity Image" name="entityimage" type="imagedata" />
      <field displayname="entityimageid" name="entityimageid" type="guid" />
      <field displayname="Exchange Rate" name="exchangerate" type="decimal" />
      <field displayname="Import Sequence Number" name="importsequencenumber" type="number" />
      <field displayname="Modified By" name="modifiedby" type="entityreference" lookupType="systemuser" />
      <field displayname="Modified By (Delegate)" name="modifiedonbehalfby" type="entityreference" lookupType="systemuser" />
      <field displayname="Modified On" name="modifiedon" type="datetime" />
      <field displayname="Net Price" name="netprice" type="money" />
      <field displayname="Net Price (Base)" name="netprice_base" type="money" />
      <field displayname="Originating Contract" name="originatingcontract" type="entityreference" lookupType="contract" />
      <field displayname="Owner" name="ownerid" type="owner" />
      <field displayname="Owning Business Unit" name="owningbusinessunit" type="entityreference" lookupType="businessunit" />
      <field displayname="Owning Team" name="owningteam" type="entityreference" lookupType="team" />
      <field displayname="Owning User" name="owninguser" type="entityreference" lookupType="systemuser" />
      <field displayname="Record Created On" name="overriddencreatedon" type="datetime" />
      <field displayname="Service Level" name="contractservicelevelcode" type="optionsetvalue" />
      <field displayname="Status" name="statecode" type="state" />
      <field displayname="Status Reason" name="statuscode" type="status" />
      <field displayname="Template Abbreviation" name="contracttemplateabbreviation" type="string" />
      <field displayname="Time Zone Rule Version Number" name="timezoneruleversionnumber" type="number" />
      <field displayname="Total Discount" name="totaldiscount" type="money" />
      <field displayname="Total Discount (Base)" name="totaldiscount_base" type="money" />
      <field displayname="Total Price" name="totalprice" type="money" />
      <field displayname="Total Price (Base)" name="totalprice_base" type="money" />
      <field displayname="UTC Conversion Time Zone Code" name="utcconversiontimezonecode" type="number" />
    </fields>
    <relationships />
  </entity>
  <entity name="invoice" displayname="Invoice" etc="1090" primaryidfield="invoiceid" primarynamefield="name" disableplugins="false">
    <fields>
      <field displayname="Account" name="accountid" type="entityreference" lookupType="account" />
      <field displayname="Amount Due" name="msdyn_amountdue" type="money" customfield="true" />
      <field displayname="Amount Due (Base)" name="msdyn_amountdue_base" type="money" customfield="true" />
      <field displayname="Bill To Address" name="billto_composite" type="string" />
      <field displayname="Bill To City" name="billto_city" type="string" />
      <field displayname="Bill To Country/Region" name="billto_country" type="string" />
      <field displayname="Bill To Fax" name="billto_fax" type="string" />
      <field displayname="Bill To Name" name="billto_name" type="string" />
      <field displayname="Bill To Phone" name="billto_telephone" type="string" />
      <field displayname="Bill To State/Province" name="billto_stateorprovince" type="string" />
      <field displayname="Bill To Street 1" name="billto_line1" type="string" />
      <field displayname="Bill To Street 2" name="billto_line2" type="string" />
      <field displayname="Bill To Street 3" name="billto_line3" type="string" />
      <field displayname="Bill To ZIP/Postal Code" name="billto_postalcode" type="string" />
      <field displayname="Contact" name="contactid" type="entityreference" lookupType="contact" />
      <field displayname="Contract" name="salesorderid" type="entityreference" lookupType="salesorder" />
      <field displayname="Created By" name="createdby" type="entityreference" lookupType="systemuser" />
      <field displayname="Created By (Delegate)" name="createdonbehalfby" type="entityreference" lookupType="systemuser" />
      <field displayname="Created On" name="createdon" type="datetime" />
      <field displayname="Currency" name="transactioncurrencyid" type="entityreference" lookupType="transactioncurrency" />
      <field displayname="Customer" name="customerid" type="entityreference" lookupType="account|contact" />
      <field displayname="Date Delivered" name="datedelivered" type="datetime" />
      <field displayname="Description" name="description" type="string" />
      <field displayname="Due Date" name="duedate" type="datetime" />
      <field displayname="Email Address" name="emailaddress" type="string" />
      <field displayname="Entity Image" name="entityimage" type="imagedata" />
      <field displayname="entityimageid" name="entityimageid" type="guid" />
      <field displayname="Exchange Rate" name="exchangerate" type="decimal" />
      <field displayname="Freight Amount" name="freightamount" type="money" />
      <field displayname="Freight Amount (Base)" name="freightamount_base" type="money" />
      <field displayname="Has Corrections" name="msdyn_hascorrections" type="bool" customfield="true" />
      <field displayname="Import Sequence Number" name="importsequencenumber" type="number" />
      <field displayname="Invoice" name="invoiceid" type="guid" primaryKey="true" />
      <field displayname="Invoice Date" name="msdyn_invoicedate" type="datetime" customfield="true" />
      <field displayname="Invoice Discount (%)" name="discountpercentage" type="decimal" />
      <field displayname="Invoice Discount Amount" name="discountamount" type="money" />
      <field displayname="Invoice Discount Amount (Base)" name="discountamount_base" type="money" />
      <field displayname="Invoice ID" name="invoicenumber" type="string" />
      <field displayname="Last On Hold Time" name="lastonholdtime" type="datetime" />
      <field displayname="Last SLA applied" name="slainvokedid" type="entityreference" lookupType="sla" />
      <field displayname="Last Submitted to Back Office" name="lastbackofficesubmit" type="datetime" />
      <field displayname="Modified By" name="modifiedby" type="entityreference" lookupType="systemuser" />
      <field displayname="Modified By (Delegate)" name="modifiedonbehalfby" type="entityreference" lookupType="systemuser" />
      <field displayname="Modified On" name="modifiedon" type="datetime" />
      <field displayname="Name" name="name" type="string" />
      <field displayname="On Hold Time (Minutes)" name="onholdtime" type="number" />
      <field displayname="Opportunity" name="opportunityid" type="entityreference" lookupType="opportunity" />
      <field displayname="Owner" name="ownerid" type="owner" />
      <field displayname="Owning Business Unit" name="owningbusinessunit" type="entityreference" lookupType="businessunit" />
      <field displayname="Owning Team" name="owningteam" type="entityreference" lookupType="team" />
      <field displayname="Owning User" name="owninguser" type="entityreference" lookupType="systemuser" />
      <field displayname="Payment Terms" name="paymenttermscode" type="optionsetvalue" />
      <field displayname="Price List" name="pricelevelid" type="entityreference" lookupType="pricelevel" />
      <field displayname="Prices Locked" name="ispricelocked" type="bool" />
      <field displayname="Pricing Error " name="pricingerrorcode" type="optionsetvalue" />
      <field displayname="Priority" name="prioritycode" type="optionsetvalue" />
      <field displayname="Process Id" name="processid" type="guid" />
      <field displayname="Project Invoice Status" name="msdyn_projectinvoicestatus" type="optionsetvalue" customfield="true" />
      <field displayname="Record Created On" name="overriddencreatedon" type="datetime" />
      <field displayname="Ship To" name="willcall" type="bool" />
      <field displayname="Ship To Address" name="shipto_composite" type="string" />
      <field displayname="Ship To City" name="shipto_city" type="string" />
      <field displayname="Ship To Country/Region" name="shipto_country" type="string" />
      <field displayname="Ship To Fax" name="shipto_fax" type="string" />
      <field displayname="Ship To Freight Terms" name="shipto_freighttermscode" type="optionsetvalue" />
      <field displayname="Ship To Name" name="shipto_name" type="string" />
      <field displayname="Ship To Phone" name="shipto_telephone" type="string" />
      <field displayname="Ship To State/Province" name="shipto_stateorprovince" type="string" />
      <field displayname="Ship To Street 1" name="shipto_line1" type="string" />
      <field displayname="Ship To Street 2" name="shipto_line2" type="string" />
      <field displayname="Ship To Street 3" name="shipto_line3" type="string" />
      <field displayname="Ship To ZIP/Postal Code" name="shipto_postalcode" type="string" />
      <field displayname="Shipping Method" name="shippingmethodcode" type="optionsetvalue" />
      <field displayname="SLA" name="slaid" type="entityreference" lookupType="sla" />
      <field displayname="Stage Id" name="stageid" type="guid" />
      <field displayname="Status" name="statecode" type="state" />
      <field displayname="Status Reason" name="statuscode" type="status" />
      <field displayname="Time Zone Rule Version Number" name="timezoneruleversionnumber" type="number" />
      <field displayname="Total Amount" name="totalamount" type="money" />
      <field displayname="Total Amount (Base)" name="totalamount_base" type="money" />
      <field displayname="Total Detail Amount" name="totallineitemamount" type="money" />
      <field displayname="Total Detail Amount (Base)" name="totallineitemamount_base" type="money" />
      <field displayname="Total Discount Amount" name="totaldiscountamount" type="money" />
      <field displayname="Total Discount Amount (Base)" name="totaldiscountamount_base" type="money" />
      <field displayname="Total Line Item Discount Amount" name="totallineitemdiscountamount" type="money" />
      <field displayname="Total Line Item Discount Amount (Base)" name="totallineitemdiscountamount_base" type="money" />
      <field displayname="Total Pre-Freight Amount" name="totalamountlessfreight" type="money" />
      <field displayname="Total Pre-Freight Amount (Base)" name="totalamountlessfreight_base" type="money" />
      <field displayname="Total Tax" name="totaltax" type="money" />
      <field displayname="Total Tax (Base)" name="totaltax_base" type="money" />
      <field displayname="Traversed Path" name="traversedpath" type="string" />
      <field displayname="Type" name="msdyn_ordertype" type="optionsetvalue" customfield="true" />
      <field displayname="UTC Conversion Time Zone Code" name="utcconversiontimezonecode" type="number" />
    </fields>
    <relationships>
      <relationship name="contactinvoices" manyToMany="true" isreflexive="false" relatedEntityName="contactinvoices" m2mTargetEntity="contact" m2mTargetEntityPrimaryKey="contactid" />
    </relationships>
  </entity>
  <entity name="msdyn_approval" displayname="Approval" etc="10032" primaryidfield="activityid" primarynamefield="subject" disableplugins="false">
    <fields>
      <field displayname="Activity" name="activityid" type="guid" primaryKey="true" />
      <field displayname="Activity Additional Parameters" name="activityadditionalparams" type="string" />
      <field displayname="Activity Status" name="statecode" type="state" />
      <field displayname="Activity Type" name="activitytypecode" type="string" />
      <field displayname="Actual Duration" name="actualdurationminutes" type="number" />
      <field displayname="Actual End" name="actualend" type="datetime" />
      <field displayname="Actual Start" name="actualstart" type="datetime" />
      <field displayname="Approval Status" name="msdyn_approvalstatus" type="optionsetvalue" customfield="true" />
      <field displayname="Approvers" name="to" type="partylist" />
      <field displayname="BCC" name="bcc" type="partylist" />
      <field displayname="CC" name="cc" type="partylist" />
      <field displayname="Characteristic" name="msdyn_characteristic" type="entityreference" lookupType="bookableresourcecharacteristic" customfield="true" />
      <field displayname="Created By" name="createdby" type="entityreference" lookupType="systemuser" />
      <field displayname="Created By (Delegate)" name="createdonbehalfby" type="entityreference" lookupType="systemuser" />
      <field displayname="Currency" name="transactioncurrencyid" type="entityreference" lookupType="transactioncurrency" />
      <field displayname="Customers" name="customers" type="partylist" />
      <field displayname="Date Created" name="createdon" type="datetime" />
      <field displayname="Date Delivery Last Attempted" name="deliverylastattemptedon" type="datetime" />
      <field displayname="Date Sent" name="senton" type="datetime" />
      <field displayname="Delay activity processing until" name="postponeactivityprocessinguntil" type="datetime" />
      <field displayname="Delivery Priority" name="deliveryprioritycode" type="optionsetvalue" />
      <field displayname="Description" name="description" type="string" />
      <field displayname="Due Date" name="scheduledend" type="datetime" />
      <field displayname="Exchange Item ID" name="exchangeitemid" type="string" />
      <field displayname="Exchange Rate" name="exchangerate" type="decimal" />
      <field displayname="Exchange WebLink" name="exchangeweblink" type="string" />
      <field displayname="From" name="from" type="partylist" />
      <field displayname="Import Sequence Number" name="importsequencenumber" type="number" />
      <field displayname="Is Billed" name="isbilled" type="bool" />
      <field displayname="Is Private" name="ismapiprivate" type="bool" />
      <field displayname="Is Regular Activity" name="isregularactivity" type="bool" />
      <field displayname="Is Workflow Created" name="isworkflowcreated" type="bool" />
      <field displayname="Last On Hold Time" name="lastonholdtime" type="datetime" />
      <field displayname="Last SLA applied" name="slainvokedid" type="entityreference" lookupType="sla" />
      <field displayname="Last Updated" name="modifiedon" type="datetime" />
      <field displayname="Left Voice Mail" name="leftvoicemail" type="bool" />
      <field displayname="Modified By" name="modifiedby" type="entityreference" lookupType="systemuser" />
      <field displayname="Modified By (Delegate)" name="modifiedonbehalfby" type="entityreference" lookupType="systemuser" />
      <field displayname="On Hold Time (Minutes)" name="onholdtime" type="number" />
      <field displayname="Optional Attendees" name="optionalattendees" type="partylist" />
      <field displayname="Organizer" name="organizer" type="partylist" />
      <field displayname="Outsource Vendors" name="partners" type="partylist" />
      <field displayname="Owner" name="ownerid" type="owner" />
      <field displayname="Owning Business Unit" name="owningbusinessunit" type="entityreference" lookupType="businessunit" />
      <field displayname="Owning Team" name="owningteam" type="entityreference" lookupType="team" />
      <field displayname="Owning User" name="owninguser" type="entityreference" lookupType="systemuser" />
      <field displayname="Priority" name="prioritycode" type="optionsetvalue" />
      <field displayname="Process" name="processid" type="guid" />
      <field displayname="Process Stage" name="stageid" type="guid" />
      <field displayname="Record Created On" name="overriddencreatedon" type="datetime" />
      <field displayname="Recurring Instance Type" name="instancetypecode" type="optionsetvalue" />
      <field displayname="Regarding" name="regardingobjectid" type="entityreference" lookupType="account|adx_ad|adx_adplacement|adx_casedeflection|adx_communityforumaccesspermission|adx_communityforumalert|adx_contentaccesslevel|adx_invitation|adx_poll|adx_polloption|adx_pollplacement|adx_pollsubmission|adx_publishingstatetransitionrule|adx_redirect|adx_shortcut|adx_webpage|adx_website|bby_category|bby_productmodelnumber|bby_productvendor|bookableresourcebooking|bookableresourcebookingheader|bulkoperation|campaign|campaignactivity|contact|contract|entitlement|entitlementtemplate|incident|interactionforemail|invoice|knowledgearticle|knowledgebaserecord|lead|msdyn_agreement|msdyn_agreementbookingdate|msdyn_agreementbookingincident|msdyn_agreementbookingproduct|msdyn_agreementbookingservice|msdyn_agreementbookingservicetask|msdyn_agreementbookingsetup|msdyn_agreementinvoicedate|msdyn_agreementinvoiceproduct|msdyn_agreementinvoicesetup|msdyn_bookingalertstatus|msdyn_bookingrule|msdyn_bookingtimestamp|msdyn_customerasset|msdyn_fieldservicesetting|msdyn_incidenttypecharacteristic|msdyn_incidenttypeproduct|msdyn_incidenttypeservice|msdyn_inventoryadjustment|msdyn_inventoryadjustmentproduct|msdyn_inventoryjournal|msdyn_inventorytransfer|msdyn_payment|msdyn_paymentdetail|msdyn_paymentmethod|msdyn_paymentterm|msdyn_playbookinstance|msdyn_postalbum|msdyn_postalcode|msdyn_processnotes|msdyn_productinventory|msdyn_projectteam|msdyn_purchaseorder|msdyn_purchaseorderbill|msdyn_purchaseorderproduct|msdyn_purchaseorderreceipt|msdyn_purchaseorderreceiptproduct|msdyn_purchaseordersubstatus|msdyn_quotebookingincident|msdyn_quotebookingproduct|msdyn_quotebookingservice|msdyn_quotebookingservicetask|msdyn_resourceterritory|msdyn_rma|msdyn_rmaproduct|msdyn_rmareceipt|msdyn_rmareceiptproduct|msdyn_rmasubstatus|msdyn_rtv|msdyn_rtvproduct|msdyn_rtvsubstatus|msdyn_shipvia|msdyn_systemuserschedulersetting|msdyn_timegroup|msdyn_timegroupdetail|msdyn_timeoffrequest|msdyn_warehouse|msdyn_workorder|msdyn_workordercharacteristic|msdyn_workorderincident|msdyn_workorderproduct|msdyn_workorderresourcerestriction|msdyn_workorderservice|msdyn_workorderservicetask|opportunity|quote|salesorder|site" />
      <field displayname="Required Attendees" name="requiredattendees" type="partylist" />
      <field displayname="Resources" name="resources" type="partylist" />
      <field displayname="Scheduled Duration" name="scheduleddurationminutes" type="number" />
      <field displayname="Sender's Mailbox" name="sendermailboxid" type="entityreference" lookupType="mailbox" />
      <field displayname="Series Id" name="seriesid" type="guid" />
      <field displayname="Service" name="serviceid" type="entityreference" lookupType="service" />
      <field displayname="SLA" name="slaid" type="entityreference" lookupType="sla" />
      <field displayname="Social Channel" name="community" type="optionsetvalue" />
      <field displayname="Sort Date" name="sortdate" type="datetime" />
      <field displayname="Start Date" name="scheduledstart" type="datetime" />
      <field displayname="Status Reason" name="statuscode" type="status" />
      <field displayname="Subject" name="subject" type="string" />
      <field displayname="Time Zone Rule Version Number" name="timezoneruleversionnumber" type="number" />
      <field displayname="Traversed Path" name="traversedpath" type="string" />
      <field displayname="UTC Conversion Time Zone Code" name="utcconversiontimezonecode" type="number" />
      <field displayname="Version Number" name="versionnumber" type="bigint" />
    </fields>
    <relationships />
  </entity>
  <entity name="category" displayname="Category" etc="9959" primaryidfield="categoryid" primarynamefield="title" disableplugins="false">
    <fields>
      <field displayname="Available as a Home Page" name="bby_program" type="bool" customfield="true" />
      <field displayname="Category ID" name="categoryid" type="guid" primaryKey="true" />
      <field displayname="Category Number" name="categorynumber" type="string" />
      <field displayname="Created By" name="createdby" type="entityreference" lookupType="systemuser" />
      <field displayname="Created By (Delegate)" name="createdonbehalfby" type="entityreference" lookupType="systemuser" />
      <field displayname="Currency" name="transactioncurrencyid" type="entityreference" lookupType="transactioncurrency" />
      <field displayname="Description" name="description" type="string" />
      <field displayname="Display Order" name="sequencenumber" type="number" />
      <field displayname="Displayed on Articles" name="bby_displayedonarticles" type="bool" customfield="true" />
      <field displayname="Exchange Rate" name="exchangerate" type="decimal" />
      <field displayname="Import Sequence Number" name="importsequencenumber" type="number" />
      <field displayname="Legacy System Code" name="bby_legacysystemcode" type="string" customfield="true" />
      <field displayname="Modified By" name="modifiedby" type="entityreference" lookupType="systemuser" />
      <field displayname="Modified By (Delegate)" name="modifiedonbehalfby" type="entityreference" lookupType="systemuser" />
      <field displayname="Modified On" name="modifiedon" type="datetime" />
      <field displayname="Owner" name="ownerid" type="owner" />
      <field displayname="Owning Business Unit" name="owningbusinessunit" type="entityreference" lookupType="businessunit" />
      <field displayname="Owning Team" name="owningteam" type="entityreference" lookupType="team" />
      <field displayname="Owning User" name="owninguser" type="entityreference" lookupType="systemuser" />
      <field displayname="Parent Category" name="parentcategoryid" type="entityreference" lookupType="category" />
      <field displayname="Parent Program Name" name="bby_parentprogramname" type="string" customfield="true" />
      <field displayname="Record Created On" name="createdon" type="datetime" />
      <field displayname="Record Created On" name="overriddencreatedon" type="datetime" />
      <field displayname="Title" name="title" type="string" />
    </fields>
  </entity>
</entities>